epsilon,alpha,a_true,a_hat_mean,a_hat_std,abs_error_mean,abs_error_std,ci_low,ci_high,shots_total_mean,grover_calls_mean,ks_used,runs
0.2,0.01,0.06585414330510068,0.06591796874999999,0.0,6.382544489930142e-05,0.0,0.0299522279218537,0.10188370957814627,2048.0,0.0,0,1
0.1,0.01,0.06585414330510068,0.0673828125,0.0,0.0015286691948993153,0.0,0.02913676827061224,0.10562885672938775,2048.0,0.0,0,1
0.07,0.01,0.06585414330510068,0.06608167560565412,0.0,0.00022753230055343188,0.0,0.06389680281767013,0.06826654839363809,4096.0,8192.0,0;4,1
0.05,0.01,0.06585414330510068,0.06771027530134363,0.0,0.0018561319962429462,0.0,0.061091424862184024,0.07432912574050325,4096.0,2048.0,0;1,1
0.03,0.01,0.06585414330510068,0.06676005921385125,0.0,0.000905915908750568,0.0,0.06451704260850454,0.06900307581919798,4096.0,8192.0,0;4,1
0.02,0.01,0.06585414330510068,0.06796852491594138,0.0,0.002114381610840696,0.0,0.061078179428093515,0.07485887040378925,4096.0,2048.0,0;1,1
0.01,0.01,0.06585414330510068,0.06727831045430072,0.0,0.0014241671492000313,0.0,0.06495980471925483,0.06959681618934661,4096.0,8192.0,0;4,1
